{"Acceleration":{"count":406.0,"mean":15.5197044335,"std":2.8033588163,"min":8.0,"25%":13.7,"50%":15.5,"75%":17.175,"max":24.8},"Cylinders":{"count":406.0,"mean":5.4753694581,"std":1.7121596315,"min":3.0,"25%":4.0,"50%":4.0,"75%":8.0,"max":8.0},"Displacement":{"count":406.0,"mean":194.7795566502,"std":104.9224583795,"min":68.0,"25%":105.0,"50%":151.0,"75%":302.0,"max":455.0},"Horsepower":{"count":400.0,"mean":105.0825,"std":38.7687791831,"min":46.0,"25%":75.75,"50%":95.0,"75%":130.0,"max":230.0},"Miles_per_Gallon":{"count":398.0,"mean":23.5145728643,"std":7.8159843126,"min":9.0,"25%":17.5,"50%":23.0,"75%":29.0,"max":46.6},"Weight_in_lbs":{"count":406.0,"mean":2979.4137931034,"std":847.0043282394,"min":1613.0,"25%":2226.5,"50%":2822.5,"75%":3618.25,"max":5140.0}}